date,tbill,AAA,A-,BBB-,BB-
01-12-98,0.0815,0.0879,0.0978,0.1175,0.1175
07-12-98,0.0724,0.0812,0.0906,0.1103,0.1103
09-12-98,0.073,0.0803,0.0897,0.1094,0.1094
10-12-98,0.071,0.0773,0.0867,0.1064,0.1064
11-12-98,0.0703,0.0761,0.0855,0.1052,0.1052
12-12-98,0.0702,0.076,0.0854,0.1051,0.1051
13-12-98,0.0702,0.076,0.0854,0.1051,0.1051
14-12-98,0.0681,0.074,0.0827,0.1016,0.1016
15-12-98,0.0694,0.0752,0.0839,0.1028,0.1028
16-12-98,0.0702,0.0763,0.085,0.1039,0.1039
17-12-98,0.0702,0.0764,0.0851,0.104,0.104
18-12-98,0.0711,0.0772,0.0859,0.1048,0.1048
19-12-98,0.0711,0.0774,0.0861,0.105,0.105
20-12-98,0.0711,0.0774,0.0861,0.105,0.105
21-12-98,0.0709,0.0773,0.0861,0.1047,0.1047
22-12-98,0.0708,0.0773,0.0861,0.1047,0.1047
23-12-98,0.07,0.0772,0.086,0.1046,0.1046
24-12-98,0.0695,0.0768,0.0856,0.1042,0.1042
25-12-98,0.0695,0.0768,0.0856,0.1042,0.1042
26-12-98,0.0695,0.0766,0.0854,0.104,0.104
27-12-98,0.0695,0.0766,0.0854,0.104,0.104
28-12-98,0.0695,0.0765,0.0853,0.1044,0.1044
29-12-98,0.0695,0.0765,0.0853,0.1044,0.1044
30-12-98,0.0695,0.0765,0.0853,0.1044,0.1044
31-12-98,0.0695,0.0765,0.0853,0.1044,0.1044
01-1-99,0.0695,0.0765,0.0853,0.1044,0.1044
02-1-99,0.0695,0.0765,0.0853,0.1044,0.1044
03-1-99,0.0695,0.0765,0.0853,0.1044,0.1044
04-1-99,0.0678,0.0759,0.0847,0.104,0.104
05-1-99,0.0639,0.0737,0.0825,0.1018,0.1018
06-1-99,0.0628,0.0729,0.0817,0.101,0.101
07-1-99,0.0597,0.0694,0.0782,0.0975,0.0975
08-1-99,0.0593,0.0683,0.0771,0.0964,0.0964
09-1-99,0.0593,0.0683,0.0771,0.0964,0.0964
10-1-99,0.0593,0.0683,0.0771,0.0964,0.0964
11-1-99,0.0604,0.0679,0.0766,0.0953,0.0953
12-1-99,0.0629,0.069,0.0777,0.0964,0.0964
13-1-99,0.0632,0.0697,0.0784,0.0971,0.0971
14-1-99,0.0658,0.0746,0.0833,0.102,0.102
15-1-99,0.0649,0.0747,0.0834,0.1021,0.1021
16-1-99,0.0649,0.0747,0.0834,0.1021,0.1021
17-1-99,0.0649,0.0747,0.0834,0.1021,0.1021
18-1-99,0.066,0.0753,0.0836,0.1014,0.1014
19-1-99,0.0665,0.0764,0.0847,0.1025,0.1025
20-1-99,0.0665,0.0764,0.0847,0.1025,0.1025
21-1-99,0.0708,0.0803,0.0886,0.1064,0.1064
22-1-99,0.071,0.0804,0.0887,0.1065,0.1065
23-1-99,0.071,0.0804,0.0887,0.1065,0.1065
24-1-99,0.071,0.0804,0.0887,0.1065,0.1065
25-1-99,0.0716,0.0809,0.0891,0.1064,0.1064
26-1-99,0.0738,0.0812,0.0894,0.1067,0.1067
27-1-99,0.0733,0.081,0.0892,0.1065,0.1065
28-1-99,0.0705,0.0796,0.0878,0.1051,0.1051
29-1-99,0.0705,0.0779,0.0861,0.1034,0.1034
30-1-99,0.0705,0.0779,0.0861,0.1034,0.1034
31-1-99,0.0705,0.0779,0.0861,0.1034,0.1034
01-2-99,0.0709,0.0784,0.0866,0.104,0.104
02-2-99,0.07,0.0781,0.0863,0.1037,0.1037
03-2-99,0.0701,0.0781,0.0863,0.1037,0.1037
04-2-99,0.07,0.0781,0.0863,0.1037,0.1037
05-2-99,0.07,0.0781,0.0863,0.1037,0.1037
06-2-99,0.07,0.0781,0.0863,0.1037,0.1037
07-2-99,0.07,0.0781,0.0863,0.1037,0.1037
08-2-99,0.07,0.0786,0.0867,0.1037,0.1037
09-2-99,0.0736,0.0861,0.0942,0.1112,0.1112
10-2-99,0.0727,0.0855,0.0936,0.1106,0.1106
11-2-99,0.072,0.0853,0.0934,0.1104,0.1104
12-2-99,0.0711,0.0851,0.0932,0.1102,0.1102
13-2-99,0.0711,0.0851,0.0932,0.1102,0.1102
14-2-99,0.0711,0.0851,0.0932,0.1102,0.1102
15-2-99,0.0711,0.0851,0.0932,0.1102,0.1102
16-2-99,0.0711,0.0851,0.0932,0.1102,0.1102
17-2-99,0.0711,0.0851,0.0932,0.1102,0.1102
18-2-99,0.071,0.0849,0.0931,0.1073,0.1073
19-2-99,0.071,0.0849,0.0931,0.1073,0.1073
20-2-99,0.071,0.0849,0.0931,0.1073,0.1073
21-2-99,0.071,0.0849,0.0931,0.1073,0.1073
22-2-99,0.071,0.085,0.0931,0.1069,0.1069
23-2-99,0.071,0.0851,0.0932,0.107,0.107
24-2-99,0.071,0.085,0.0931,0.1069,0.1069
25-2-99,0.0703,0.0844,0.0925,0.1063,0.1063
26-2-99,0.0696,0.0836,0.0917,0.1055,0.1055
27-2-99,0.0696,0.0836,0.0917,0.1055,0.1055
28-2-99,0.0696,0.0836,0.0917,0.1055,0.1055
01-3-99,0.0696,0.0836,0.0917,0.1055,0.1055
02-3-99,0.0648,0.0818,0.0899,0.1034,0.1034
03-3-99,0.0659,0.082,0.0901,0.1036,0.1036
04-3-99,0.0667,0.0828,0.0909,0.1044,0.1044
05-3-99,0.0703,0.0838,0.0919,0.1054,0.1054
06-3-99,0.0703,0.0838,0.0919,0.1054,0.1054
07-3-99,0.0703,0.0838,0.0919,0.1054,0.1054
08-3-99,0.07,0.0836,0.0919,0.1052,0.1052
09-3-99,0.07,0.0838,0.0921,0.1054,0.1054
10-3-99,0.0702,0.084,0.0923,0.1056,0.1056
11-3-99,0.0706,0.0845,0.0928,0.1061,0.1061
12-3-99,0.0704,0.0846,0.0929,0.1062,0.1062
13-3-99,0.0704,0.0846,0.0929,0.1062,0.1062
14-3-99,0.0704,0.0846,0.0929,0.1062,0.1062
15-3-99,0.0704,0.0845,0.0928,0.1061,0.1061
16-3-99,0.07,0.0845,0.0928,0.1061,0.1061
17-3-99,0.0695,0.0841,0.0924,0.1057,0.1057
18-3-99,0.0696,0.0842,0.0925,0.1058,0.1058
19-3-99,0.0692,0.0841,0.0924,0.1057,0.1057
20-3-99,0.0691,0.0841,0.0924,0.1057,0.1057
21-3-99,0.0691,0.0841,0.0924,0.1057,0.1057
22-3-99,0.0674,0.0836,0.0921,0.1052,0.1052
23-3-99,0.067,0.0831,0.0916,0.1047,0.1047
24-3-99,0.0665,0.0824,0.0909,0.104,0.104
25-3-99,0.066,0.0801,0.0886,0.1017,0.1017
26-3-99,0.0659,0.079,0.0875,0.1006,0.1006
27-3-99,0.0659,0.079,0.0875,0.1006,0.1006
28-3-99,0.0659,0.079,0.0875,0.1006,0.1006
29-3-99,0.0649,0.0781,0.0866,0.0999,0.0999
30-3-99,0.065,0.0781,0.0866,0.0999,0.0999
31-3-99,0.065,0.0781,0.0866,0.0999,0.0999
01-4-99,0.0657,0.0769,0.0854,0.0987,0.0987
02-4-99,0.0661,0.0756,0.0841,0.0974,0.0974
03-4-99,0.0661,0.0756,0.0841,0.0974,0.0974
04-4-99,0.0661,0.0756,0.0841,0.0974,0.0974
05-4-99,0.0661,0.0756,0.0841,0.0974,0.0974
06-4-99,0.0655,0.0747,0.083,0.096,0.096
07-4-99,0.0651,0.0741,0.0824,0.0954,0.0954
08-4-99,0.0633,0.0728,0.0811,0.0941,0.0941
09-4-99,0.0642,0.0736,0.0819,0.0949,0.0949
10-4-99,0.0642,0.0736,0.0819,0.0949,0.0949
11-4-99,0.0642,0.0736,0.0819,0.0949,0.0949
12-4-99,0.0641,0.0733,0.0818,0.0948,0.0948
13-4-99,0.0639,0.0733,0.0818,0.0948,0.0948
14-4-99,0.0637,0.0734,0.0819,0.0949,0.0949
15-4-99,0.0634,0.0734,0.0819,0.0949,0.0949
16-4-99,0.0632,0.0731,0.0816,0.0946,0.0946
17-4-99,0.0632,0.0727,0.0812,0.0942,0.0942
18-4-99,0.0632,0.0727,0.0812,0.0942,0.0942
19-4-99,0.0621,0.0705,0.0792,0.0922,0.0922
20-4-99,0.0604,0.069,0.0777,0.0907,0.0907
21-4-99,0.0606,0.0697,0.0784,0.0914,0.0914
22-4-99,0.0611,0.0697,0.0784,0.0914,0.0914
23-4-99,0.0608,0.07,0.0787,0.0917,0.0917
24-4-99,0.0608,0.0703,0.079,0.092,0.092
25-4-99,0.0608,0.0703,0.079,0.092,0.092
26-4-99,0.0628,0.0701,0.0786,0.0914,0.0914
27-4-99,0.0643,0.0702,0.0787,0.0915,0.0915
28-4-99,0.0653,0.0706,0.0791,0.0919,0.0919
29-4-99,0.0664,0.0718,0.0803,0.0931,0.0931
30-4-99,0.0666,0.074,0.0825,0.0953,0.0953
01-5-99,0.0666,0.074,0.0825,0.0953,0.0953
02-5-99,0.0666,0.074,0.0825,0.0953,0.0953
03-5-99,0.0686,0.076,0.0842,0.097,0.097
04-5-99,0.0708,0.0755,0.0837,0.0965,0.0965
05-5-99,0.0708,0.0755,0.0837,0.0965,0.0965
06-5-99,0.0591,0.0758,0.084,0.0968,0.0968
07-5-99,0.0617,0.0767,0.0849,0.0977,0.0977
08-5-99,0.0619,0.0768,0.085,0.0978,0.0978
09-5-99,0.0619,0.0768,0.085,0.0978,0.0978
10-5-99,0.0637,0.0792,0.087,0.0995,0.0995
11-5-99,0.0657,0.0795,0.0873,0.0998,0.0998
12-5-99,0.07,0.0801,0.0879,0.1004,0.1004
13-5-99,0.07,0.081,0.0888,0.1013,0.1013
14-5-99,0.07,0.0818,0.0896,0.1021,0.1021
15-5-99,0.07,0.0819,0.0897,0.1022,0.1022
16-5-99,0.07,0.0819,0.0897,0.1022,0.1022
17-5-99,0.07,0.0811,0.0888,0.1014,0.1014
18-5-99,0.07,0.0813,0.089,0.1016,0.1016
19-5-99,0.0701,0.0813,0.089,0.1016,0.1016
20-5-99,0.0698,0.081,0.0887,0.1013,0.1013
21-5-99,0.0699,0.081,0.0887,0.1013,0.1013
22-5-99,0.0699,0.081,0.0887,0.1013,0.1013
23-5-99,0.0699,0.081,0.0887,0.1013,0.1013
24-5-99,0.0696,0.0808,0.0884,0.1011,0.1011
25-5-99,0.067,0.0801,0.0877,0.1004,0.1004
26-5-99,0.066,0.0796,0.0872,0.0999,0.0999
27-5-99,0.0663,0.0798,0.0874,0.1001,0.1001
28-5-99,0.0673,0.0803,0.0879,0.1006,0.1006
29-5-99,0.0673,0.0803,0.0879,0.1006,0.1006
30-5-99,0.0673,0.0803,0.0879,0.1006,0.1006
31-5-99,0.0667,0.08,0.0876,0.1004,0.1004
01-6-99,0.067,0.0803,0.0879,0.1007,0.1007
02-6-99,0.067,0.0799,0.0875,0.1003,0.1003
03-6-99,0.0671,0.0791,0.0867,0.0995,0.0995
04-6-99,0.0645,0.077,0.0846,0.0974,0.0974
05-6-99,0.0645,0.0767,0.0843,0.0971,0.0971
06-6-99,0.0645,0.0767,0.0843,0.0971,0.0971
07-6-99,0.0635,0.0761,0.0838,0.0967,0.0967
08-6-99,0.0639,0.0765,0.0842,0.0971,0.0971
09-6-99,0.0658,0.0769,0.0846,0.0975,0.0975
10-6-99,0.0658,0.0764,0.0841,0.097,0.097
11-6-99,0.0665,0.0767,0.0844,0.0973,0.0973
12-6-99,0.0665,0.0767,0.0844,0.0973,0.0973
13-6-99,0.0665,0.0767,0.0844,0.0973,0.0973
14-6-99,0.067,0.0768,0.0845,0.0973,0.0973
15-6-99,0.067,0.0769,0.0846,0.0974,0.0974
16-6-99,0.0685,0.0768,0.0845,0.0973,0.0973
17-6-99,0.0686,0.0763,0.084,0.0968,0.0968
18-6-99,0.0703,0.0766,0.0843,0.0971,0.0971
19-6-99,0.0703,0.0766,0.0843,0.0971,0.0971
20-6-99,0.0703,0.0766,0.0843,0.0971,0.0971
21-6-99,0.0722,0.0769,0.0846,0.0974,0.0974
22-6-99,0.0723,0.0769,0.0846,0.0974,0.0974
23-6-99,0.0735,0.0769,0.0846,0.0974,0.0974
24-6-99,0.0735,0.0769,0.0846,0.0974,0.0974
25-6-99,0.0735,0.0767,0.0844,0.0972,0.0972
26-6-99,0.0735,0.0767,0.0844,0.0972,0.0972
27-6-99,0.0735,0.0767,0.0844,0.0972,0.0972
28-6-99,0.0735,0.0765,0.0842,0.097,0.097
29-6-99,0.072,0.0762,0.0839,0.0967,0.0967
30-6-99,0.072,0.076,0.0837,0.0965,0.0965
01-7-99,0.0722,0.0756,0.0833,0.0961,0.0961
02-7-99,0.0721,0.0749,0.0826,0.0954,0.0954
03-7-99,0.0721,0.0749,0.0826,0.0954,0.0954
04-7-99,0.0721,0.0749,0.0826,0.0954,0.0954
05-7-99,0.0722,0.075,0.0826,0.0953,0.0953
06-7-99,0.0723,0.0751,0.0827,0.0954,0.0954
07-7-99,0.0723,0.0751,0.0827,0.0954,0.0954
08-7-99,0.0726,0.0756,0.0832,0.0959,0.0959
09-7-99,0.0733,0.0765,0.0841,0.0968,0.0968
10-7-99,0.0734,0.0765,0.0841,0.0968,0.0968
11-7-99,0.0734,0.0765,0.0841,0.0968,0.0968
12-7-99,0.0757,0.0789,0.0864,0.0988,0.0988
13-7-99,0.0768,0.0796,0.0871,0.0995,0.0995
14-7-99,0.0767,0.0795,0.087,0.0994,0.0994
15-7-99,0.0792,0.0813,0.0888,0.1012,0.1012
16-7-99,0.0805,0.0828,0.0903,0.1027,0.1027
17-7-99,0.0805,0.0828,0.0903,0.1027,0.1027
18-7-99,0.0805,0.0828,0.0903,0.1027,0.1027
19-7-99,0.0831,0.0868,0.0939,0.1063,0.1063
20-7-99,0.083,0.0861,0.0932,0.1056,0.1056
21-7-99,0.084,0.0874,0.0945,0.1069,0.1069
22-7-99,0.084,0.0875,0.0946,0.107,0.107
23-7-99,0.0872,0.0917,0.0988,0.1112,0.1112
24-7-99,0.0871,0.0915,0.0986,0.111,0.111
25-7-99,0.0871,0.0915,0.0986,0.111,0.111
26-7-99,0.0844,0.0893,0.0959,0.1081,0.1081
27-7-99,0.0825,0.0875,0.0941,0.1063,0.1063
28-7-99,0.0826,0.0873,0.0939,0.1061,0.1061
29-7-99,0.0826,0.0873,0.0939,0.1061,0.1061
30-7-99,0.0844,0.0889,0.0955,0.1077,0.1077
31-7-99,0.0845,0.089,0.0956,0.1078,0.1078
01-8-99,0.0845,0.089,0.0956,0.1078,0.1078
02-8-99,0.0858,0.0899,0.0963,0.1083,0.1083
03-8-99,0.0859,0.0901,0.0965,0.1085,0.1085
04-8-99,0.0859,0.0901,0.0965,0.1085,0.1085
05-8-99,0.0873,0.0915,0.0979,0.1099,0.1099
06-8-99,0.0878,0.0919,0.0983,0.1103,0.1103
07-8-99,0.0878,0.0919,0.0983,0.1103,0.1103
08-8-99,0.0878,0.0919,0.0983,0.1103,0.1103
09-8-99,0.0887,0.0942,0.1007,0.1126,0.1126
10-8-99,0.09,0.096,0.1025,0.1144,0.1144
11-8-99,0.0896,0.0956,0.1021,0.114,0.114
12-8-99,0.0875,0.0939,0.1004,0.1123,0.1123
13-8-99,0.0885,0.0955,0.102,0.1139,0.1139
14-8-99,0.0885,0.0956,0.1021,0.114,0.114
15-8-99,0.0885,0.0956,0.1021,0.114,0.114
16-8-99,0.0891,0.0957,0.1025,0.1143,0.1143
17-8-99,0.0888,0.0953,0.1021,0.1139,0.1139
18-8-99,0.089,0.0955,0.1023,0.1141,0.1141
19-8-99,0.0896,0.0962,0.103,0.1148,0.1148
20-8-99,0.0921,0.0993,0.1061,0.1179,0.1179
21-8-99,0.0921,0.0993,0.1061,0.1179,0.1179
22-8-99,0.0921,0.0993,0.1061,0.1179,0.1179
23-8-99,0.0918,0.0987,0.1057,0.1174,0.1174
24-8-99,0.09,0.0974,0.1044,0.1161,0.1161
25-8-99,0.0898,0.0972,0.1042,0.1159,0.1159
26-8-99,0.0898,0.0973,0.1043,0.116,0.116
27-8-99,0.0899,0.0975,0.1045,0.1162,0.1162
28-8-99,0.0899,0.0976,0.1045,0.1162,0.1162
29-8-99,0.0899,0.0976,0.1045,0.1162,0.1162
30-8-99,0.09,0.098,0.1049,0.1166,0.1166
31-8-99,0.0911,0.0988,0.1057,0.1174,0.1174
01-9-99,0.0915,0.0989,0.1058,0.1175,0.1175
02-9-99,0.0917,0.0995,0.1064,0.1181,0.1181
03-9-99,0.0935,0.1003,0.1072,0.1189,0.1189
04-9-99,0.0935,0.1004,0.1073,0.119,0.119
05-9-99,0.0935,0.1004,0.1073,0.119,0.119
06-9-99,0.0937,0.1004,0.1073,0.119,0.119
07-9-99,0.0937,0.1004,0.1073,0.119,0.119
08-9-99,0.0937,0.1005,0.1074,0.1191,0.1191
09-9-99,0.0935,0.1005,0.1074,0.1191,0.1191
10-9-99,0.093,0.1004,0.1073,0.119,0.119
11-9-99,0.093,0.1004,0.1073,0.119,0.119
12-9-99,0.093,0.1004,0.1073,0.119,0.119
13-9-99,0.093,0.1004,0.1073,0.119,0.119
14-9-99,0.094,0.1006,0.1075,0.1192,0.1192
15-9-99,0.0949,0.1012,0.1081,0.1198,0.1198
16-9-99,0.0957,0.1022,0.1091,0.1208,0.1208
17-9-99,0.0977,0.1045,0.1114,0.1231,0.1231
18-9-99,0.0977,0.1043,0.1113,0.1229,0.1229
19-9-99,0.0977,0.1043,0.1113,0.1229,0.1229
20-9-99,0.0978,0.1043,0.1113,0.1229,0.1229
21-9-99,0.0941,0.1029,0.1099,0.1215,0.1215
22-9-99,0.0917,0.1019,0.1091,0.1205,0.1205
23-9-99,0.0917,0.1019,0.1091,0.1205,0.1205
24-9-99,0.0917,0.1019,0.1091,0.1205,0.1205
25-9-99,0.0917,0.1019,0.1091,0.1205,0.1205
26-9-99,0.0917,0.1019,0.1091,0.1205,0.1205
27-9-99,0.0888,0.0957,0.1029,0.1143,0.1143
28-9-99,0.089,0.0955,0.1027,0.1141,0.1141
29-9-99,0.0912,0.0965,0.1036,0.1151,0.1151
30-9-99,0.0903,0.0958,0.1029,0.1144,0.1144
01-10-99,0.0901,0.0949,0.102,0.1135,0.1135
02-10-99,0.0901,0.0952,0.1023,0.1137,0.1137
03-10-99,0.0901,0.0952,0.1023,0.1137,0.1137
04-10-99,0.0857,0.0912,0.0983,0.1097,0.1097
05-10-99,0.0849,0.089,0.0961,0.1075,0.1075
06-10-99,0.0855,0.0896,0.0965,0.108,0.108
07-10-99,0.0835,0.0877,0.0946,0.1061,0.1061
08-10-99,0.0835,0.0875,0.0944,0.1059,0.1059
09-10-99,0.0835,0.0874,0.0943,0.1057,0.1057
10-10-99,0.0835,0.0874,0.0943,0.1057,0.1057
11-10-99,0.0838,0.0874,0.0943,0.1057,0.1057
12-10-99,0.0835,0.0873,0.0942,0.1056,0.1056
13-10-99,0.0841,0.0879,0.0948,0.1062,0.1062
14-10-99,0.0847,0.0886,0.0955,0.1069,0.1069
15-10-99,0.0845,0.0884,0.0953,0.1067,0.1067
16-10-99,0.0845,0.0884,0.0954,0.1093,0.1093
17-10-99,0.0845,0.0884,0.0954,0.1093,0.1093
18-10-99,0.084,0.0884,0.0954,0.1093,0.1093
19-10-99,0.083,0.0879,0.0949,0.1088,0.1088
20-10-99,0.08,0.0859,0.0929,0.1068,0.1068
21-10-99,0.0774,0.0854,0.0924,0.1063,0.1063
22-10-99,0.077,0.0854,0.0924,0.1063,0.1063
23-10-99,0.077,0.0854,0.0924,0.1063,0.1063
24-10-99,0.077,0.0854,0.0924,0.1063,0.1063
25-10-99,0.0799,0.0861,0.0931,0.107,0.107
26-10-99,0.0786,0.0862,0.0932,0.1071,0.1071
27-10-99,0.0803,0.087,0.0941,0.108,0.108
28-10-99,0.0805,0.0861,0.0932,0.1071,0.1071
29-10-99,0.0818,0.087,0.0941,0.108,0.108
30-10-99,0.0818,0.0869,0.0941,0.108,0.108
31-10-99,0.0818,0.0869,0.0941,0.108,0.108
01-11-99,0.082,0.0869,0.0941,0.108,0.108
02-11-99,0.0829,0.0876,0.0948,0.1087,0.1087
03-11-99,0.0827,0.0879,0.0951,0.109,0.109
04-11-99,0.083,0.0906,0.0978,0.1117,0.1117
05-11-99,0.0844,0.0924,0.0996,0.1135,0.1135
06-11-99,0.0843,0.0912,0.0985,0.1123,0.1123
07-11-99,0.0843,0.0912,0.0985,0.1123,0.1123
08-11-99,0.0845,0.0914,0.0987,0.1125,0.1125
09-11-99,0.0838,0.0915,0.0988,0.1126,0.1126
10-11-99,0.0835,0.0915,0.0988,0.1126,0.1126
11-11-99,0.0823,0.091,0.0983,0.1121,0.1121
12-11-99,0.083,0.091,0.0983,0.1121,0.1121
13-11-99,0.083,0.091,0.0983,0.1121,0.1121
14-11-99,0.083,0.091,0.0983,0.1121,0.1121
15-11-99,0.0834,0.091,0.0983,0.1121,0.1121
16-11-99,0.0838,0.091,0.0983,0.1121,0.1121
17-11-99,0.0846,0.0917,0.099,0.1128,0.1128
18-11-99,0.0859,0.0928,0.1001,0.1139,0.1139
19-11-99,0.086,0.0932,0.1005,0.1143,0.1143
20-11-99,0.086,0.0931,0.1005,0.1142,0.1142
21-11-99,0.086,0.0931,0.1005,0.1142,0.1142
22-11-99,0.0863,0.0933,0.1007,0.1144,0.1144
23-11-99,0.0887,0.0957,0.1031,0.1168,0.1168
24-11-99,0.086,0.0939,0.1013,0.115,0.115
25-11-99,0.086,0.0934,0.1008,0.1145,0.1145
26-11-99,0.086,0.0934,0.1008,0.1145,0.1145
27-11-99,0.086,0.0934,0.1009,0.1145,0.1145
28-11-99,0.086,0.0934,0.1009,0.1145,0.1145
29-11-99,0.0861,0.0934,0.1009,0.1145,0.1145
30-11-99,0.0862,0.0936,0.1011,0.1147,0.1147
01-12-99,0.0869,0.0941,0.1016,0.1152,0.1152
02-12-99,0.0872,0.0943,0.1018,0.1154,0.1154
03-12-99,0.087,0.0939,0.1014,0.115,0.115
04-12-99,0.087,0.0939,0.1015,0.115,0.115
05-12-99,0.087,0.0939,0.1015,0.115,0.115
06-12-99,0.0867,0.0939,0.1015,0.115,0.115
07-12-99,0.0868,0.0939,0.1015,0.115,0.115
08-12-99,0.0869,0.0939,0.1015,0.115,0.115
09-12-99,0.0869,0.0939,0.1015,0.115,0.115
10-12-99,0.0878,0.0944,0.102,0.1155,0.1155
11-12-99,0.0879,0.0944,0.102,0.1155,0.1155
12-12-99,0.0879,0.0944,0.102,0.1155,0.1155
13-12-99,0.088,0.0944,0.102,0.1155,0.1155
14-12-99,0.088,0.0944,0.102,0.1155,0.1155
15-12-99,0.088,0.0944,0.102,0.1155,0.1155
16-12-99,0.0888,0.0952,0.1028,0.1163,0.1163
17-12-99,0.0889,0.0951,0.1027,0.1162,0.1162
18-12-99,0.0889,0.0952,0.1029,0.1163,0.1163
19-12-99,0.0889,0.0952,0.1029,0.1163,0.1163
20-12-99,0.089,0.0954,0.1031,0.1165,0.1165
21-12-99,0.0899,0.0965,0.1042,0.1176,0.1176
22-12-99,0.09,0.096,0.1037,0.1171,0.1171
23-12-99,0.0903,0.096,0.1037,0.1171,0.1171
24-12-99,0.0903,0.096,0.1037,0.1171,0.1171
25-12-99,0.0903,0.096,0.1037,0.1171,0.1171
26-12-99,0.0903,0.096,0.1037,0.1171,0.1171
27-12-99,0.0903,0.096,0.1037,0.1171,0.1171
28-12-99,0.0903,0.096,0.1037,0.1171,0.1171
29-12-99,0.0903,0.096,0.1037,0.1171,0.1171
30-12-99,0.0903,0.096,0.1037,0.1171,0.1171
31-12-99,0.0903,0.096,0.1037,0.1171,0.1171
01-1-00,0.0903,0.096,0.1037,0.1171,0.1171
02-1-00,0.0903,0.096,0.1037,0.1171,0.1171
03-1-00,0.0903,0.096,0.1037,0.1171,0.1171
04-1-00,0.0904,0.096,0.1037,0.1171,0.1171
05-1-00,0.0911,0.097,0.1047,0.1181,0.1181
06-1-00,0.0916,0.0978,0.1055,0.1189,0.1189
07-1-00,0.0917,0.0979,0.1056,0.119,0.119
08-1-00,0.0918,0.0981,0.1057,0.1191,0.1191
09-1-00,0.0918,0.0981,0.1057,0.1191,0.1191
10-1-00,0.0923,0.0987,0.1063,0.1197,0.1197
11-1-00,0.093,0.0994,0.107,0.1204,0.1204
12-1-00,0.0938,0.1001,0.1077,0.1211,0.1211
13-1-00,0.0947,0.1007,0.1083,0.1217,0.1217
14-1-00,0.0949,0.1007,0.1083,0.1217,0.1217
15-1-00,0.0949,0.1006,0.1083,0.1217,0.1217
16-1-00,0.0949,0.1006,0.1083,0.1217,0.1217
17-1-00,0.0955,0.1005,0.1082,0.1216,0.1216
18-1-00,0.0958,0.1006,0.1083,0.1217,0.1217
19-1-00,0.0953,0.1004,0.1081,0.1215,0.1215
20-1-00,0.093,0.0992,0.1069,0.1203,0.1203
21-1-00,0.0928,0.099,0.1067,0.1201,0.1201
22-1-00,0.0928,0.099,0.1067,0.1201,0.1201
23-1-00,0.0928,0.099,0.1067,0.1201,0.1201
24-1-00,0.0928,0.0989,0.1066,0.12,0.12
25-1-00,0.0929,0.099,0.1067,0.1201,0.1201
26-1-00,0.0936,0.0992,0.1069,0.1203,0.1203
27-1-00,0.0922,0.0988,0.1065,0.1199,0.1199
28-1-00,0.0901,0.0976,0.1053,0.1187,0.1187
29-1-00,0.0901,0.0977,0.1055,0.1187,0.1187
30-1-00,0.0901,0.0977,0.1055,0.1187,0.1187
31-1-00,0.09,0.0977,0.1055,0.1187,0.1187
01-2-00,0.0907,0.098,0.1058,0.119,0.119
02-2-00,0.0906,0.098,0.1058,0.119,0.119
03-2-00,0.0898,0.098,0.1053,0.1185,0.1185
04-2-00,0.0898,0.098,0.1053,0.1185,0.1185
05-2-00,0.0898,0.098,0.1053,0.1185,0.1185
06-2-00,0.0898,0.098,0.1053,0.1185,0.1185
07-2-00,0.0892,0.0974,0.1047,0.1179,0.1179
08-2-00,0.0905,0.0976,0.1049,0.1181,0.1181
09-2-00,0.091,0.0978,0.1051,0.1183,0.1183
10-2-00,0.0908,0.0977,0.105,0.1182,0.1182
11-2-00,0.0911,0.0977,0.105,0.1182,0.1182
12-2-00,0.0911,0.0976,0.105,0.1182,0.1182
13-2-00,0.0911,0.0976,0.105,0.1182,0.1182
14-2-00,0.09,0.0969,0.1043,0.1175,0.1175
15-2-00,0.089,0.0962,0.1036,0.1168,0.1168
16-2-00,0.089,0.0962,0.1036,0.1168,0.1168
17-2-00,0.0895,0.0965,0.1039,0.1171,0.1171
18-2-00,0.0895,0.0965,0.1039,0.1171,0.1171
19-2-00,0.0895,0.0965,0.1039,0.1171,0.1171
20-2-00,0.0895,0.0965,0.1039,0.1171,0.1171
21-2-00,0.0896,0.0967,0.1041,0.1173,0.1173
22-2-00,0.0896,0.0966,0.104,0.1172,0.1172
23-2-00,0.09,0.0967,0.1041,0.1173,0.1173
24-2-00,0.0898,0.0966,0.104,0.1172,0.1172
25-2-00,0.0893,0.0964,0.1038,0.117,0.117
26-2-00,0.0893,0.0963,0.1038,0.1169,0.1169
27-2-00,0.0893,0.0963,0.1038,0.1169,0.1169
28-2-00,0.089,0.0958,0.1033,0.1164,0.1164
29-2-00,0.0891,0.0958,0.1033,0.1164,0.1164
01-3-00,0.0891,0.0958,0.1033,0.1164,0.1164
02-3-00,0.0895,0.0961,0.1036,0.1167,0.1167
03-3-00,0.0897,0.0963,0.1038,0.1169,0.1169
04-3-00,0.0897,0.0963,0.1038,0.1169,0.1169
05-3-00,0.0897,0.0963,0.1038,0.1169,0.1169
06-3-00,0.09,0.0964,0.1039,0.117,0.117
07-3-00,0.0902,0.0965,0.104,0.1171,0.1171
08-3-00,0.0906,0.0967,0.1042,0.1173,0.1173
09-3-00,0.0904,0.0966,0.1041,0.1172,0.1172
10-3-00,0.0904,0.0966,0.1041,0.1172,0.1172
11-3-00,0.0904,0.0966,0.1041,0.1172,0.1172
12-3-00,0.0904,0.0966,0.1041,0.1172,0.1172
13-3-00,0.0904,0.0966,0.1041,0.1172,0.1172
14-3-00,0.0908,0.0968,0.1043,0.1174,0.1174
15-3-00,0.091,0.0971,0.1046,0.1177,0.1177
16-3-00,0.0911,0.0971,0.1046,0.1177,0.1177
17-3-00,0.0909,0.0971,0.1046,0.1177,0.1177
18-3-00,0.0909,0.0971,0.1046,0.1177,0.1177
19-3-00,0.0909,0.0971,0.1046,0.1177,0.1177
20-3-00,0.0911,0.0971,0.1046,0.1177,0.1177
21-3-00,0.0911,0.0971,0.1046,0.1177,0.1177
22-3-00,0.0911,0.0971,0.1046,0.1177,0.1177
23-3-00,0.0911,0.0971,0.1046,0.1177,0.1177
24-3-00,0.0908,0.097,0.1045,0.1176,0.1176
25-3-00,0.0908,0.0971,0.1046,0.1177,0.1177
26-3-00,0.0908,0.0971,0.1046,0.1177,0.1177
27-3-00,0.0907,0.0971,0.1046,0.1177,0.1177
28-3-00,0.0905,0.0971,0.1046,0.1177,0.1177
29-3-00,0.0905,0.097,0.1045,0.1176,0.1176
30-3-00,0.0906,0.097,0.1045,0.1176,0.1176
31-3-00,0.09,0.0967,0.1042,0.1173,0.1173
01-4-00,0.09,0.0967,0.1042,0.1173,0.1173
02-4-00,0.09,0.0967,0.1042,0.1173,0.1173
03-4-00,0.0901,0.0966,0.1041,0.1172,0.1172
04-4-00,0.09,0.0966,0.1041,0.1172,0.1172
05-4-00,0.09,0.0966,0.1041,0.1172,0.1172
06-4-00,0.0899,0.0965,0.104,0.1171,0.1171
07-4-00,0.0891,0.0961,0.1036,0.1167,0.1167
08-4-00,0.0891,0.0961,0.1035,0.1166,0.1166
09-4-00,0.0891,0.0961,0.1035,0.1166,0.1166
10-4-00,0.0886,0.096,0.1034,0.1165,0.1165
11-4-00,0.089,0.0964,0.1038,0.1169,0.1169
12-4-00,0.0898,0.0968,0.1042,0.1173,0.1173
13-4-00,0.0898,0.0968,0.1042,0.1173,0.1173
14-4-00,0.09,0.0969,0.1043,0.1174,0.1174
15-4-00,0.09,0.097,0.1044,0.1175,0.1175
16-4-00,0.09,0.097,0.1044,0.1175,0.1175
17-4-00,0.0904,0.0974,0.1048,0.1179,0.1179
18-4-00,0.0893,0.0967,0.1041,0.1172,0.1172
19-4-00,0.089,0.0965,0.1039,0.117,0.117
20-4-00,0.0894,0.0968,0.1042,0.1173,0.1173
21-4-00,0.0893,0.0968,0.1042,0.1173,0.1173
22-4-00,0.0893,0.0968,0.1042,0.1173,0.1173
23-4-00,0.0893,0.0968,0.1042,0.1173,0.1173
24-4-00,0.0891,0.0967,0.1041,0.1172,0.1172
25-4-00,0.0894,0.0969,0.1043,0.1174,0.1174
26-4-00,0.0897,0.0971,0.1045,0.1176,0.1176
27-4-00,0.0897,0.0971,0.1045,0.1176,0.1176
28-4-00,0.0892,0.0964,0.1038,0.1169,0.1169
29-4-00,0.0892,0.0966,0.104,0.117,0.117
30-4-00,0.0892,0.0966,0.104,0.117,0.117
01-5-00,0.0892,0.0966,0.104,0.117,0.117
02-5-00,0.0889,0.0964,0.1038,0.1168,0.1168
03-5-00,0.0887,0.096,0.1034,0.1164,0.1164
04-5-00,0.0886,0.0957,0.1031,0.1161,0.1161
05-5-00,0.0886,0.0957,0.1031,0.1161,0.1161
06-5-00,0.0886,0.0957,0.1031,0.1161,0.1161
07-5-00,0.0886,0.0957,0.1031,0.1161,0.1161
08-5-00,0.0885,0.0956,0.103,0.116,0.116
09-5-00,0.0887,0.0956,0.103,0.116,0.116
10-5-00,0.0889,0.0957,0.1031,0.1161,0.1161
11-5-00,0.0889,0.0957,0.1031,0.1161,0.1161
12-5-00,0.0891,0.0958,0.1032,0.1162,0.1162
13-5-00,0.0891,0.0958,0.1032,0.1162,0.1162
14-5-00,0.0891,0.0958,0.1032,0.1162,0.1162
15-5-00,0.0894,0.0961,0.1035,0.1165,0.1165
16-5-00,0.0895,0.0961,0.1035,0.1165,0.1165
17-5-00,0.0895,0.0961,0.1035,0.1165,0.1165
18-5-00,0.09,0.0963,0.1037,0.1167,0.1167
19-5-00,0.0909,0.0971,0.1045,0.1175,0.1175
20-5-00,0.0909,0.0969,0.1043,0.1172,0.1172
21-5-00,0.0909,0.0969,0.1043,0.1172,0.1172
22-5-00,0.091,0.0969,0.1043,0.1172,0.1172
23-5-00,0.0916,0.0975,0.1049,0.1178,0.1178
24-5-00,0.0902,0.097,0.1044,0.1173,0.1173
25-5-00,0.0898,0.0965,0.1039,0.1168,0.1168
26-5-00,0.0899,0.0965,0.1039,0.1168,0.1168
27-5-00,0.0899,0.0966,0.1039,0.1168,0.1168
28-5-00,0.0899,0.0966,0.1039,0.1168,0.1168
29-5-00,0.0899,0.0966,0.1039,0.1168,0.1168
30-5-00,0.0894,0.0962,0.1035,0.1164,0.1164
31-5-00,0.0887,0.096,0.1033,0.1162,0.1162
01-6-00,0.0882,0.0954,0.1027,0.1156,0.1156
02-6-00,0.0875,0.0948,0.1021,0.115,0.115
03-6-00,0.0875,0.0948,0.1021,0.117,0.117
04-6-00,0.0875,0.0948,0.1021,0.117,0.117
05-6-00,0.0874,0.0947,0.102,0.1169,0.1169
06-6-00,0.0874,0.0947,0.102,0.1169,0.1169
07-6-00,0.0869,0.0946,0.1019,0.1168,0.1168
08-6-00,0.0869,0.0946,0.1019,0.1168,0.1168
09-6-00,0.0869,0.0947,0.102,0.1169,0.1169
10-6-00,0.0869,0.0947,0.102,0.1169,0.1169
11-6-00,0.0869,0.0947,0.102,0.1169,0.1169
12-6-00,0.0869,0.0947,0.102,0.1169,0.1169
13-6-00,0.0871,0.0949,0.1022,0.1171,0.1171
14-6-00,0.0871,0.0949,0.1022,0.1171,0.1171
15-6-00,0.0871,0.0949,0.1022,0.1171,0.1171
16-6-00,0.0872,0.0949,0.1022,0.1171,0.1171
17-6-00,0.0871,0.0949,0.1022,0.1171,0.1171
18-6-00,0.0871,0.0949,0.1022,0.1171,0.1171
19-6-00,0.087,0.0948,0.1021,0.117,0.117
20-6-00,0.087,0.0948,0.1021,0.117,0.117
21-6-00,0.0868,0.0946,0.1019,0.1168,0.1168
22-6-00,0.0863,0.0943,0.1016,0.1165,0.1165
23-6-00,0.0857,0.094,0.1013,0.1162,0.1162
24-6-00,0.0857,0.094,0.1013,0.1162,0.1162
25-6-00,0.0857,0.094,0.1013,0.1162,0.1162
26-6-00,0.0858,0.0937,0.101,0.1159,0.1159
27-6-00,0.0858,0.0937,0.101,0.1159,0.1159
28-6-00,0.0857,0.0932,0.1005,0.1154,0.1154
29-6-00,0.0847,0.0918,0.0991,0.114,0.114
30-6-00,0.0831,0.0908,0.0981,0.113,0.113
01-7-00,0.0825,0.0905,0.0978,0.1127,0.1127
02-7-00,0.0825,0.0905,0.0978,0.1127,0.1127
03-7-00,0.0815,0.0898,0.0971,0.112,0.112
04-7-00,0.0825,0.0903,0.0976,0.1125,0.1125
05-7-00,0.0814,0.0896,0.0969,0.1118,0.1118
06-7-00,0.0806,0.0892,0.0965,0.1114,0.1114
07-7-00,0.079,0.0883,0.0956,0.1105,0.1105
08-7-00,0.079,0.0883,0.0956,0.1104,0.1104
09-7-00,0.079,0.0883,0.0956,0.1104,0.1104
10-7-00,0.0794,0.0886,0.0959,0.1107,0.1107
11-7-00,0.0793,0.0874,0.0947,0.1095,0.1095
12-7-00,0.0796,0.0876,0.0949,0.1097,0.1097
13-7-00,0.0798,0.0877,0.095,0.1098,0.1098
14-7-00,0.0793,0.0875,0.0948,0.1096,0.1096
15-7-00,0.0793,0.0875,0.0948,0.1108,0.1108
16-7-00,0.0793,0.0875,0.0948,0.1108,0.1108
17-7-00,0.0793,0.0875,0.0948,0.1108,0.1108
18-7-00,0.0779,0.0869,0.0942,0.1102,0.1102
19-7-00,0.0777,0.0868,0.0941,0.1101,0.1101
20-7-00,0.0787,0.0874,0.0947,0.1107,0.1107
21-7-00,0.0787,0.0876,0.0949,0.1109,0.1109
22-7-00,0.0787,0.0875,0.0949,0.1109,0.1109
23-7-00,0.0787,0.0875,0.0949,0.1109,0.1109
24-7-00,0.0801,0.0881,0.0955,0.1115,0.1115
25-7-00,0.0816,0.0892,0.0966,0.1126,0.1126
26-7-00,0.0813,0.0891,0.0965,0.1125,0.1125
27-7-00,0.081,0.089,0.0964,0.1124,0.1124
28-7-00,0.0805,0.0887,0.0961,0.1121,0.1121
29-7-00,0.0805,0.0887,0.0961,0.114,0.114
30-7-00,0.0805,0.0887,0.0961,0.114,0.114
31-7-00,0.0807,0.0887,0.0961,0.114,0.114
01-8-00,0.0805,0.0886,0.096,0.1139,0.1139
02-8-00,0.0792,0.0877,0.0951,0.113,0.113
03-8-00,0.0784,0.087,0.0944,0.1123,0.1123
04-8-00,0.079,0.0873,0.0947,0.1126,0.1126
05-8-00,0.079,0.0872,0.0947,0.1125,0.1125
06-8-00,0.079,0.0872,0.0947,0.1125,0.1125
07-8-00,0.079,0.0872,0.0947,0.1125,0.1125
08-8-00,0.0784,0.0867,0.0942,0.112,0.112
09-8-00,0.0777,0.0863,0.0938,0.1116,0.1116
10-8-00,0.0769,0.0858,0.0933,0.1111,0.1111
11-8-00,0.0773,0.086,0.0935,0.1113,0.1113
12-8-00,0.0773,0.0861,0.0935,0.1113,0.1113
13-8-00,0.0773,0.0861,0.0935,0.1113,0.1113
14-8-00,0.0774,0.0861,0.0935,0.1113,0.1113
15-8-00,0.0774,0.0861,0.0935,0.1113,0.1113
16-8-00,0.0775,0.0862,0.0936,0.1114,0.1114
17-8-00,0.0783,0.0866,0.094,0.1118,0.1118
18-8-00,0.079,0.0873,0.0947,0.1125,0.1125
19-8-00,0.079,0.087,0.0945,0.1123,0.1123
20-8-00,0.079,0.087,0.0945,0.1123,0.1123
21-8-00,0.079,0.087,0.0945,0.1123,0.1123
22-8-00,0.0786,0.0868,0.0943,0.1121,0.1121
23-8-00,0.0788,0.0868,0.0943,0.1121,0.1121
24-8-00,0.0791,0.0869,0.0944,0.1122,0.1122
25-8-00,0.0792,0.0871,0.0946,0.1124,0.1124
26-8-00,0.0792,0.087,0.0946,0.1124,0.1124
27-8-00,0.0792,0.087,0.0946,0.1124,0.1124
28-8-00,0.0791,0.0868,0.0944,0.1122,0.1122
29-8-00,0.0787,0.0866,0.0942,0.112,0.112
30-8-00,0.0776,0.0861,0.0937,0.1115,0.1115
31-8-00,0.0779,0.0864,0.094,0.1118,0.1118
01-9-00,0.078,0.0864,0.094,0.1118,0.1118
02-9-00,0.078,0.0864,0.094,0.1118,0.1118
03-9-00,0.078,0.0864,0.094,0.1118,0.1118
04-9-00,0.077,0.0858,0.0934,0.1112,0.1112
05-9-00,0.077,0.0857,0.0933,0.1111,0.1111
06-9-00,0.077,0.0856,0.0932,0.111,0.111
07-9-00,0.077,0.0855,0.0931,0.1109,0.1109
08-9-00,0.0776,0.0857,0.0933,0.1111,0.1111
09-9-00,0.0776,0.0857,0.0933,0.1111,0.1111
10-9-00,0.0776,0.0857,0.0933,0.1111,0.1111
11-9-00,0.0776,0.0857,0.0933,0.1111,0.1111
12-9-00,0.0776,0.0857,0.0933,0.1111,0.1111
13-9-00,0.0776,0.0857,0.0933,0.1111,0.1111
14-9-00,0.0785,0.086,0.0936,0.1114,0.1114
15-9-00,0.0792,0.0862,0.0938,0.1116,0.1116
16-9-00,0.0792,0.0862,0.0938,0.1116,0.1116
17-9-00,0.0792,0.0862,0.0938,0.1116,0.1116
18-9-00,0.0811,0.0872,0.0948,0.1126,0.1126
19-9-00,0.081,0.0872,0.0948,0.1126,0.1126
20-9-00,0.0809,0.0872,0.0948,0.1126,0.1126
21-9-00,0.0812,0.0873,0.0949,0.1127,0.1127
22-9-00,0.082,0.0877,0.0953,0.1131,0.1131
23-9-00,0.082,0.0877,0.0953,0.1131,0.1131
24-9-00,0.082,0.0877,0.0953,0.1131,0.1131
25-9-00,0.0815,0.0875,0.0951,0.1129,0.1129
26-9-00,0.0812,0.0873,0.0949,0.1127,0.1127
27-9-00,0.0808,0.0871,0.0947,0.1125,0.1125
28-9-00,0.0808,0.0871,0.0947,0.1125,0.1125
29-9-00,0.0807,0.087,0.0946,0.1124,0.1124
30-9-00,0.0807,0.087,0.0946,0.1124,0.1124
01-10-00,0.0807,0.087,0.0946,0.1124,0.1124
02-10-00,0.0802,0.0867,0.0943,0.1121,0.1121
03-10-00,0.0802,0.0867,0.0943,0.1121,0.1121
04-10-00,0.0799,0.0865,0.0941,0.1119,0.1119
05-10-00,0.0796,0.0863,0.0939,0.1117,0.1117
06-10-00,0.0786,0.0858,0.0935,0.1131,0.1131
07-10-00,0.0786,0.0858,0.0935,0.1134,0.1134
08-10-00,0.0786,0.0858,0.0935,0.1134,0.1134
09-10-00,0.0783,0.0854,0.0931,0.1139,0.1139
10-10-00,0.0786,0.0854,0.0931,0.1147,0.1147
11-10-00,0.0793,0.0857,0.0934,0.1155,0.1155
12-10-00,0.0791,0.0856,0.0933,0.1159,0.1159
13-10-00,0.0801,0.0861,0.0938,0.1168,0.1168
14-10-00,0.0801,0.086,0.0937,0.1169,0.1169
15-10-00,0.0801,0.086,0.0937,0.1169,0.1169
16-10-00,0.0792,0.0856,0.0933,0.117,0.117
17-10-00,0.0791,0.0855,0.0932,0.1171,0.1171
18-10-00,0.0789,0.0854,0.0931,0.1173,0.1173
19-10-00,0.0786,0.0852,0.0929,0.1173,0.1173
20-10-00,0.0779,0.0848,0.0925,0.1174,0.1174
21-10-00,0.0779,0.0847,0.0924,0.1174,0.1174
22-10-00,0.0779,0.0847,0.0924,0.1174,0.1174
23-10-00,0.0779,0.0847,0.0924,0.1175,0.1175
24-10-00,0.0778,0.0847,0.0924,0.1175,0.1175
25-10-00,0.0775,0.0845,0.0922,0.1175,0.1175
26-10-00,0.0771,0.0842,0.0919,0.1175,0.1175
27-10-00,0.0763,0.0836,0.0913,0.1175,0.1175
28-10-00,0.0763,0.0837,0.0914,0.1175,0.1175
29-10-00,0.0763,0.0837,0.0914,0.1175,0.1175
30-10-00,0.0762,0.0837,0.0914,0.1175,0.1175
31-10-00,0.0764,0.0839,0.0916,0.1176,0.1176
01-11-00,0.0759,0.0837,0.0914,0.1176,0.1176
02-11-00,0.0761,0.0838,0.0915,0.1177,0.1177
03-11-00,0.0763,0.0839,0.0916,0.1178,0.1178
04-11-00,0.0763,0.0839,0.0916,0.1178,0.1178
05-11-00,0.0763,0.0839,0.0916,0.1178,0.1178
06-11-00,0.0765,0.084,0.0917,0.1179,0.1179
07-11-00,0.0766,0.084,0.0917,0.1179,0.1179
08-11-00,0.0754,0.0835,0.0912,0.1178,0.1178
09-11-00,0.0727,0.082,0.0897,0.1175,0.1175
10-11-00,0.071,0.0809,0.0886,0.1173,0.1173
11-11-00,0.071,0.0806,0.0886,0.1173,0.1173
12-11-00,0.071,0.0806,0.0886,0.1173,0.1173
13-11-00,0.0705,0.0803,0.0883,0.1173,0.1173
14-11-00,0.071,0.0805,0.0885,0.1175,0.1175
15-11-00,0.0718,0.0809,0.0889,0.1177,0.1177
16-11-00,0.0723,0.0812,0.0892,0.1179,0.1179
17-11-00,0.072,0.0811,0.0891,0.1179,0.1179
18-11-00,0.072,0.0811,0.0891,0.1179,0.1179
19-11-00,0.072,0.0811,0.0891,0.1179,0.1179
20-11-00,0.0725,0.0814,0.0894,0.118,0.118
21-11-00,0.0732,0.082,0.09,0.1186,0.1186
22-11-00,0.0724,0.0817,0.0897,0.1185,0.1185
23-11-00,0.0732,0.082,0.09,0.1188,0.1188
24-11-00,0.0729,0.0819,0.0899,0.1188,0.1188
25-11-00,0.0729,0.0819,0.0898,0.1188,0.1188
26-11-00,0.0729,0.0819,0.0898,0.1188,0.1188
27-11-00,0.072,0.0815,0.0894,0.1187,0.1187
28-11-00,0.0718,0.0814,0.0893,0.1187,0.1187
29-11-00,0.0719,0.0814,0.0893,0.1187,0.1187
30-11-00,0.0716,0.0812,0.0891,0.1187,0.1187
01-12-00,0.07,0.0799,0.0878,0.1181,0.1181
02-12-00,0.07,0.0798,0.0876,0.1181,0.1181
03-12-00,0.07,0.0798,0.0876,0.1181,0.1181
04-12-00,0.0691,0.0793,0.0871,0.1178,0.1178
05-12-00,0.0682,0.0789,0.0867,0.1177,0.1177
06-12-00,0.0682,0.0788,0.0866,0.1178,0.1178
07-12-00,0.0684,0.0789,0.0867,0.1179,0.1179
08-12-00,0.0679,0.0788,0.0866,0.1179,0.1179
09-12-00,0.0679,0.0788,0.0866,0.1179,0.1179
10-12-00,0.0679,0.0788,0.0866,0.1179,0.1179
11-12-00,0.0677,0.0788,0.0866,0.1179,0.1179
12-12-00,0.0684,0.0791,0.0869,0.1182,0.1182
13-12-00,0.0683,0.0791,0.0869,0.1182,0.1182
14-12-00,0.0669,0.0785,0.0863,0.1179,0.1179
15-12-00,0.0671,0.0786,0.0864,0.1179,0.1179
16-12-00,0.0671,0.0785,0.0863,0.1179,0.1179
17-12-00,0.0671,0.0785,0.0863,0.1179,0.1179
18-12-00,0.0674,0.0786,0.0864,0.118,0.118
19-12-00,0.0675,0.0786,0.0864,0.118,0.118
20-12-00,0.0675,0.0786,0.0864,0.118,0.118
21-12-00,0.0675,0.0786,0.0864,0.118,0.118
22-12-00,0.0675,0.0786,0.0864,0.118,0.118
23-12-00,0.0675,0.0786,0.0864,0.118,0.118
24-12-00,0.0675,0.0786,0.0864,0.118,0.118
25-12-00,0.0675,0.0786,0.0864,0.118,0.118
26-12-00,0.0675,0.0786,0.0864,0.118,0.118
27-12-00,0.0681,0.0791,0.0869,0.1184,0.1184
28-12-00,0.0674,0.079,0.0868,0.1183,0.1183
29-12-00,0.067,0.0789,0.0867,0.1182,0.1182
30-12-00,0.067,0.0789,0.0867,0.1182,0.1182
31-12-00,0.067,0.0789,0.0867,0.1182,0.1182
01-1-01,0.067,0.0789,0.0867,0.1182,0.1182
02-1-01,0.0667,0.0788,0.0866,0.1182,0.1182
03-1-01,0.0664,0.0787,0.0865,0.1182,0.1182
04-1-01,0.0637,0.0773,0.0851,0.1175,0.1175
05-1-01,0.0619,0.0764,0.0842,0.1168,0.1168
06-1-01,0.0619,0.0766,0.0841,0.1168,0.1168
07-1-01,0.0619,0.0766,0.0841,0.1168,0.1168
08-1-01,0.061,0.0764,0.0839,0.1167,0.1167
09-1-01,0.0614,0.0766,0.0841,0.1169,0.1169
10-1-01,0.0614,0.0766,0.0841,0.1169,0.1169
11-1-01,0.0595,0.0755,0.083,0.1161,0.1161
12-1-01,0.06,0.0757,0.0832,0.1167,0.1167
13-1-01,0.06,0.0757,0.0831,0.1167,0.1167
14-1-01,0.06,0.0757,0.0831,0.1167,0.1167
15-1-01,0.0599,0.0756,0.083,0.1166,0.1166
16-1-01,0.0586,0.0751,0.0825,0.1164,0.1164
17-1-01,0.0573,0.0745,0.0819,0.116,0.116
18-1-01,0.058,0.0744,0.0818,0.116,0.116
19-1-01,0.0577,0.0742,0.0816,0.1159,0.1159
20-1-01,0.0577,0.0742,0.0816,0.1159,0.1159
21-1-01,0.0577,0.0742,0.0816,0.1159,0.1159
22-1-01,0.0577,0.0742,0.0816,0.1159,0.1159
23-1-01,0.0577,0.0742,0.0816,0.1159,0.1159
24-1-01,0.0577,0.0742,0.0816,0.1159,0.1159
25-1-01,0.0577,0.0742,0.0816,0.1159,0.1159
26-1-01,0.0577,0.074,0.0814,0.1159,0.1159
27-1-01,0.0577,0.0741,0.0815,0.1159,0.1159
28-1-01,0.0577,0.0741,0.0815,0.1159,0.1159
29-1-01,0.0575,0.0735,0.0809,0.1158,0.1158
30-1-01,0.0573,0.0729,0.0803,0.1155,0.1155
31-1-01,0.0568,0.0717,0.0791,0.1156,0.1156
01-2-01,0.0563,0.0706,0.078,0.1156,0.1156
02-2-01,0.0548,0.0687,0.0761,0.1158,0.1158
03-2-01,0.0548,0.0688,0.0763,0.1158,0.1158
04-2-01,0.0548,0.0688,0.0763,0.1158,0.1158
05-2-01,0.0538,0.0677,0.0752,0.1157,0.1157
06-2-01,0.0528,0.0669,0.0744,0.1155,0.1155
07-2-01,0.052,0.0663,0.0738,0.1154,0.1154
08-2-01,0.0525,0.0663,0.0738,0.1156,0.1156
09-2-01,0.0518,0.0655,0.073,0.1153,0.1153
10-2-01,0.0518,0.0658,0.0729,0.1153,0.1153
11-2-01,0.0518,0.0658,0.0729,0.1153,0.1153
12-2-01,0.05,0.0641,0.0712,0.1147,0.1147
13-2-01,0.0506,0.0632,0.0703,0.1146,0.1146
14-2-01,0.0519,0.0632,0.0703,0.1149,0.1149
15-2-01,0.0514,0.0627,0.0698,0.1148,0.1148
16-2-01,0.0532,0.0634,0.0705,0.1154,0.1154
17-2-01,0.0532,0.0635,0.0705,0.1154,0.1154
18-2-01,0.0532,0.0635,0.0705,0.1154,0.1154
19-2-01,0.054,0.0641,0.0711,0.1159,0.1159
20-2-01,0.054,0.0642,0.0711,0.1159,0.1159
21-2-01,0.0572,0.0663,0.0732,0.1176,0.1176
22-2-01,0.0566,0.067,0.0737,0.1181,0.1181
23-2-01,0.06,0.0688,0.0755,0.1198,0.1198
24-2-01,0.06,0.0687,0.0756,0.1198,0.1198
25-2-01,0.06,0.0687,0.0756,0.1198,0.1198
26-2-01,0.0587,0.0683,0.0752,0.1194,0.1194
27-2-01,0.0574,0.0676,0.0745,0.119,0.119
28-2-01,0.0543,0.0661,0.073,0.118,0.118
01-3-01,0.0543,0.0661,0.073,0.118,0.118
02-3-01,0.0555,0.0667,0.0737,0.1187,0.1187
03-3-01,0.0555,0.0664,0.0734,0.1187,0.1187
04-3-01,0.0555,0.0664,0.0734,0.1187,0.1187
05-3-01,0.0558,0.0665,0.0735,0.119,0.119
06-3-01,0.0583,0.0678,0.0748,0.1203,0.1203
07-3-01,0.0604,0.0697,0.0767,0.1217,0.1217
08-3-01,0.063,0.0718,0.0788,0.1236,0.1236
09-3-01,0.0599,0.0698,0.0768,0.121,0.121
10-3-01,0.0599,0.0701,0.0768,0.121,0.121
11-3-01,0.0599,0.0701,0.0768,0.121,0.121
12-3-01,0.0609,0.0708,0.0775,0.1217,0.1217
13-3-01,0.0609,0.0706,0.0775,0.1218,0.1218
14-3-01,0.0574,0.0685,0.0754,0.119,0.119
15-3-01,0.0557,0.0682,0.0748,0.1182,0.1182
16-3-01,0.0561,0.0688,0.0754,0.1188,0.1188
17-3-01,0.056,0.0687,0.0754,0.1189,0.1189
18-3-01,0.056,0.0687,0.0754,0.1189,0.1189
19-3-01,0.0564,0.0691,0.0758,0.1194,0.1194
20-3-01,0.0563,0.0692,0.0759,0.1195,0.1195
21-3-01,0.0571,0.0702,0.0769,0.1206,0.1206
22-3-01,0.0585,0.0713,0.0781,0.1219,0.1219
23-3-01,0.0576,0.0705,0.0773,0.1203,0.1203
24-3-01,0.0576,0.0705,0.0774,0.1203,0.1203
25-3-01,0.0576,0.0705,0.0774,0.1203,0.1203
26-3-01,0.0568,0.0698,0.0767,0.1195,0.1195
27-3-01,0.0572,0.0701,0.077,0.1196,0.1196
28-3-01,0.0588,0.0715,0.0784,0.1209,0.1209
29-3-01,0.0612,0.0735,0.0804,0.1229,0.1229
30-3-01,0.0631,0.0753,0.0822,0.1245,0.1245
31-3-01,0.0631,0.0753,0.0822,0.1245,0.1245
01-4-01,0.0631,0.0753,0.0822,0.1245,0.1245
02-4-01,0.0666,0.0779,0.0848,0.1268,0.1268
03-4-01,0.0646,0.0765,0.0834,0.1254,0.1254
04-4-01,0.067,0.0787,0.0856,0.1275,0.1275
05-4-01,0.067,0.0787,0.0856,0.1275,0.1275
06-4-01,0.0658,0.0779,0.0848,0.1267,0.1267
07-4-01,0.0658,0.0779,0.0848,0.1267,0.1267
08-4-01,0.0658,0.0779,0.0848,0.1267,0.1267
09-4-01,0.065,0.0773,0.0842,0.126,0.126
10-4-01,0.0644,0.0764,0.0833,0.1253,0.1253
11-4-01,0.064,0.0759,0.0828,0.1249,0.1249
12-4-01,0.0638,0.0758,0.0827,0.1249,0.1249
13-4-01,0.064,0.0758,0.0827,0.1248,0.1248
14-4-01,0.064,0.0758,0.0827,0.1248,0.1248
15-4-01,0.064,0.0758,0.0827,0.1248,0.1248
16-4-01,0.0642,0.076,0.0829,0.1249,0.1249
17-4-01,0.064,0.0758,0.0827,0.1247,0.1247
18-4-01,0.0647,0.0764,0.0833,0.1252,0.1252
19-4-01,0.0648,0.0765,0.0834,0.1253,0.1253
20-4-01,0.066,0.0775,0.0844,0.1261,0.1261
21-4-01,0.066,0.0774,0.0844,0.1261,0.1261
22-4-01,0.066,0.0774,0.0844,0.1261,0.1261
23-4-01,0.0672,0.0783,0.0853,0.1271,0.1271
24-4-01,0.0672,0.0783,0.0853,0.1271,0.1271
25-4-01,0.0675,0.0787,0.0857,0.1274,0.1274
26-4-01,0.0693,0.08,0.087,0.1286,0.1286
27-4-01,0.0685,0.0794,0.0864,0.128,0.128
28-4-01,0.0685,0.0793,0.0863,0.128,0.128
29-4-01,0.0685,0.0793,0.0863,0.128,0.128
30-4-01,0.068,0.0787,0.0857,0.1274,0.1274
01-5-01,0.068,0.0787,0.0857,0.1274,0.1274
02-5-01,0.0657,0.0769,0.0839,0.1258,0.1258
03-5-01,0.065,0.0763,0.0833,0.125,0.125
04-5-01,0.0645,0.0761,0.0831,0.1245,0.1245
05-5-01,0.0645,0.0761,0.0831,0.1245,0.1245
06-5-01,0.0645,0.0761,0.0831,0.1245,0.1245
07-5-01,0.065,0.0764,0.0834,0.1247,0.1247
08-5-01,0.0647,0.0761,0.0831,0.1244,0.1244
09-5-01,0.0642,0.0756,0.0826,0.1239,0.1239
10-5-01,0.0643,0.0757,0.0827,0.1239,0.1239
11-5-01,0.0644,0.0759,0.0829,0.124,0.124
12-5-01,0.0644,0.0758,0.0828,0.124,0.124
13-5-01,0.0644,0.0758,0.0828,0.124,0.124
14-5-01,0.0654,0.0761,0.0831,0.1244,0.1244
15-5-01,0.0665,0.0766,0.0836,0.1247,0.1247
16-5-01,0.0661,0.0765,0.0835,0.1246,0.1246
17-5-01,0.0661,0.0764,0.0834,0.1245,0.1245
18-5-01,0.0659,0.0761,0.0831,0.1237,0.1237
19-5-01,0.0659,0.0762,0.0831,0.1237,0.1237
20-5-01,0.0659,0.0762,0.0831,0.1237,0.1237
21-5-01,0.0654,0.0756,0.0825,0.1222,0.1222
22-5-01,0.0653,0.0755,0.0824,0.1219,0.1219
23-5-01,0.0653,0.0754,0.0823,0.1214,0.1214
24-5-01,0.064,0.0744,0.0813,0.1199,0.1199
25-5-01,0.0642,0.0743,0.0812,0.1196,0.1196
26-5-01,0.0642,0.0743,0.0812,0.1196,0.1196
27-5-01,0.0642,0.0743,0.0812,0.1196,0.1196
28-5-01,0.0626,0.073,0.0799,0.1181,0.1181
29-5-01,0.063,0.0731,0.08,0.1179,0.1179
30-5-01,0.0616,0.0719,0.0788,0.1166,0.1166
31-5-01,0.0617,0.072,0.0789,0.1165,0.1165
01-6-01,0.0615,0.0718,0.0787,0.1162,0.1162
02-6-01,0.0615,0.0718,0.0787,0.1162,0.1162
03-6-01,0.0615,0.0718,0.0787,0.1162,0.1162
04-6-01,0.0611,0.0715,0.0784,0.1158,0.1158
05-6-01,0.0623,0.0725,0.0794,0.1166,0.1166
06-6-01,0.0623,0.0725,0.0794,0.1166,0.1166
07-6-01,0.0623,0.0725,0.0794,0.1166,0.1166
08-6-01,0.061,0.0713,0.0782,0.1154,0.1154
09-6-01,0.061,0.0714,0.0783,0.1154,0.1154
10-6-01,0.061,0.0714,0.0783,0.1154,0.1154
11-6-01,0.061,0.0715,0.0784,0.1155,0.1155
12-6-01,0.0613,0.0717,0.0786,0.1157,0.1157
13-6-01,0.061,0.0714,0.0783,0.1153,0.1153
14-6-01,0.0607,0.0711,0.078,0.115,0.115
15-6-01,0.0605,0.0709,0.0778,0.1147,0.1147
16-6-01,0.0605,0.071,0.0778,0.1147,0.1147
17-6-01,0.0605,0.071,0.0778,0.1147,0.1147
18-6-01,0.0614,0.0718,0.0786,0.1154,0.1154
19-6-01,0.0612,0.0716,0.0784,0.1152,0.1152
20-6-01,0.06,0.0704,0.0772,0.1138,0.1138
21-6-01,0.0598,0.0701,0.0769,0.1132,0.1132
22-6-01,0.0593,0.0698,0.0766,0.1128,0.1128
23-6-01,0.0593,0.0698,0.0766,0.1128,0.1128
24-6-01,0.0593,0.0698,0.0766,0.1128,0.1128
25-6-01,0.0586,0.0691,0.0759,0.112,0.112
26-6-01,0.0589,0.0694,0.0762,0.1122,0.1122
27-6-01,0.0592,0.0695,0.0763,0.1123,0.1123
28-6-01,0.059,0.0693,0.0761,0.1119,0.1119
29-6-01,0.0593,0.0695,0.0763,0.1121,0.1121
30-6-01,0.0593,0.0695,0.0763,0.1121,0.1121
01-7-01,0.0593,0.0695,0.0763,0.1121,0.1121
02-7-01,0.0596,0.0699,0.0767,0.1125,0.1125
03-7-01,0.0605,0.0706,0.0774,0.1134,0.1134
04-7-01,0.0603,0.0704,0.0772,0.1133,0.1133
05-7-01,0.0598,0.0699,0.0767,0.1127,0.1127
06-7-01,0.0592,0.0696,0.0764,0.1124,0.1124
07-7-01,0.0592,0.0697,0.0765,0.1124,0.1124
08-7-01,0.0592,0.0697,0.0765,0.1124,0.1124
09-7-01,0.059,0.0695,0.0763,0.1123,0.1123
10-7-01,0.059,0.0695,0.0763,0.1123,0.1123
11-7-01,0.058,0.0688,0.0756,0.1116,0.1116
12-7-01,0.0575,0.0686,0.0754,0.1113,0.1113
13-7-01,0.0579,0.0689,0.0757,0.1116,0.1116
14-7-01,0.0579,0.0689,0.0757,0.1116,0.1116
15-7-01,0.0579,0.0689,0.0757,0.1116,0.1116
16-7-01,0.0579,0.0689,0.0757,0.1116,0.1116
17-7-01,0.0579,0.0689,0.0757,0.1116,0.1116
18-7-01,0.0566,0.068,0.0748,0.1106,0.1106
19-7-01,0.0557,0.0672,0.074,0.1098,0.1098
20-7-01,0.0557,0.0672,0.074,0.1098,0.1098
21-7-01,0.0557,0.0672,0.074,0.1098,0.1098
22-7-01,0.0557,0.0672,0.074,0.1098,0.1098
23-7-01,0.0561,0.0676,0.0744,0.1102,0.1102
24-7-01,0.0558,0.0675,0.0743,0.1101,0.1101
25-7-01,0.0558,0.0675,0.0743,0.11,0.11
26-7-01,0.0557,0.0674,0.0742,0.1099,0.1099
27-7-01,0.056,0.0676,0.0744,0.1102,0.1102
28-7-01,0.056,0.0676,0.0744,0.1102,0.1102
29-7-01,0.056,0.0676,0.0744,0.1102,0.1102
30-7-01,0.0563,0.0678,0.0746,0.1105,0.1105
31-7-01,0.0558,0.0675,0.0743,0.1102,0.1102
01-8-01,0.0548,0.0665,0.0733,0.1093,0.1093
02-8-01,0.0547,0.0664,0.0732,0.1092,0.1092
03-8-01,0.0542,0.0659,0.0727,0.1087,0.1087
04-8-01,0.0542,0.0659,0.0727,0.1087,0.1087
05-8-01,0.0542,0.0659,0.0727,0.1087,0.1087
06-8-01,0.0541,0.0658,0.0726,0.1086,0.1086
07-8-01,0.0537,0.0656,0.0724,0.1085,0.1085
08-8-01,0.0534,0.0653,0.0721,0.1082,0.1082
09-8-01,0.0514,0.0637,0.0705,0.1064,0.1064
10-8-01,0.0502,0.0628,0.0696,0.1052,0.1052
11-8-01,0.0502,0.0625,0.0694,0.1052,0.1052
12-8-01,0.0502,0.0625,0.0694,0.1052,0.1052
13-8-01,0.0496,0.0616,0.0685,0.1043,0.1043
14-8-01,0.051,0.0627,0.0696,0.1054,0.1054
15-8-01,0.051,0.0627,0.0696,0.1054,0.1054
16-8-01,0.0512,0.0629,0.0698,0.1057,0.1057
17-8-01,0.0502,0.0622,0.0691,0.1051,0.1051
18-8-01,0.0502,0.0623,0.0693,0.1051,0.1051
19-8-01,0.0502,0.0623,0.0693,0.1051,0.1051
20-8-01,0.0497,0.0618,0.0688,0.1046,0.1046
21-8-01,0.0499,0.0619,0.0689,0.1048,0.1048
22-8-01,0.0494,0.0617,0.0687,0.1045,0.1045
23-8-01,0.0506,0.0626,0.0696,0.1055,0.1055
24-8-01,0.0507,0.0627,0.0697,0.1056,0.1056
25-8-01,0.0507,0.0628,0.0697,0.1056,0.1056
26-8-01,0.0507,0.0628,0.0697,0.1056,0.1056
27-8-01,0.0515,0.0636,0.0705,0.1065,0.1065
28-8-01,0.0512,0.0635,0.0704,0.1065,0.1065
29-8-01,0.0502,0.0627,0.0696,0.1057,0.1057
30-8-01,0.0514,0.0639,0.0708,0.107,0.107
31-8-01,0.0515,0.064,0.0709,0.1072,0.1072
01-9-01,0.0515,0.0627,0.0709,0.1072,0.1072
02-9-01,0.0515,0.0627,0.0709,0.1072,0.1072
03-9-01,0.0501,0.0613,0.0695,0.1059,0.1059
04-9-01,0.0502,0.0611,0.0693,0.1057,0.1057
05-9-01,0.0512,0.062,0.0702,0.1066,0.1066
06-9-01,0.0517,0.0625,0.0707,0.107,0.107
07-9-01,0.052,0.0627,0.0709,0.1072,0.1072
08-9-01,0.052,0.0628,0.0709,0.1072,0.1072
09-9-01,0.052,0.0628,0.0709,0.1072,0.1072
10-9-01,0.0516,0.0631,0.0712,0.1075,0.1075
11-9-01,0.0518,0.0632,0.0713,0.1077,0.1077
12-9-01,0.0505,0.0621,0.0702,0.1067,0.1067
13-9-01,0.0499,0.0615,0.0696,0.1061,0.1061
14-9-01,0.0492,0.0608,0.0689,0.1054,0.1054
15-9-01,0.0492,0.061,0.069,0.1054,0.1054
16-9-01,0.0492,0.061,0.069,0.1054,0.1054
17-9-01,0.0497,0.0615,0.0695,0.1059,0.1059
18-9-01,0.049,0.0609,0.0689,0.1053,0.1053
19-9-01,0.0467,0.0591,0.0671,0.1035,0.1035
20-9-01,0.047,0.0592,0.0672,0.1036,0.1036
21-9-01,0.0472,0.059,0.0674,0.1037,0.1037
22-9-01,0.0472,0.059,0.0673,0.1037,0.1037
23-9-01,0.0472,0.059,0.0673,0.1037,0.1037
24-9-01,0.0468,0.0586,0.0669,0.1034,0.1034
25-9-01,0.0466,0.0584,0.0667,0.1032,0.1032
26-9-01,0.0465,0.0583,0.0666,0.1031,0.1031
27-9-01,0.0457,0.0576,0.0659,0.1025,0.1025
28-9-01,0.0445,0.0566,0.0649,0.1014,0.1014
29-9-01,0.0445,0.0567,0.0649,0.1014,0.1014
30-9-01,0.0445,0.0567,0.0649,0.1014,0.1014
01-10-01,0.0445,0.0567,0.0649,0.1014,0.1014
02-10-01,0.0445,0.0567,0.0649,0.1014,0.1014
03-10-01,0.0445,0.0567,0.0649,0.1014,0.1014
04-10-01,0.0434,0.0559,0.0641,0.1004,0.1004
05-10-01,0.0439,0.0563,0.0645,0.1008,0.1008
06-10-01,0.0439,0.0564,0.0645,0.1008,0.1008
07-10-01,0.0439,0.0564,0.0645,0.1008,0.1008
08-10-01,0.0441,0.0566,0.0647,0.101,0.101
09-10-01,0.0438,0.0565,0.0646,0.1008,0.1008
10-10-01,0.045,0.0575,0.0656,0.1018,0.1018
11-10-01,0.0482,0.0607,0.0688,0.1049,0.1049
12-10-01,0.0485,0.0612,0.0693,0.1055,0.1055
13-10-01,0.0485,0.0611,0.0692,0.1055,0.1055
14-10-01,0.0485,0.0611,0.0692,0.1055,0.1055
15-10-01,0.047,0.0601,0.0682,0.1044,0.1044
16-10-01,0.0474,0.0605,0.0686,0.1048,0.1048
17-10-01,0.0481,0.0612,0.0693,0.1054,0.1054
18-10-01,0.0482,0.0615,0.0696,0.1057,0.1057
19-10-01,0.0476,0.061,0.0691,0.1051,0.1051
20-10-01,0.0476,0.061,0.069,0.1051,0.1051
21-10-01,0.0476,0.061,0.069,0.1051,0.1051
22-10-01,0.0472,0.0604,0.0684,0.1045,0.1045
23-10-01,0.0477,0.0609,0.0689,0.105,0.105
24-10-01,0.049,0.062,0.07,0.106,0.106
25-10-01,0.0498,0.0626,0.0706,0.1066,0.1066
26-10-01,0.0498,0.0628,0.0708,0.1068,0.1068
27-10-01,0.0498,0.0627,0.0708,0.1068,0.1068
28-10-01,0.0498,0.0627,0.0708,0.1068,0.1068
29-10-01,0.0498,0.0628,0.0709,0.1069,0.1069
30-10-01,0.0503,0.0632,0.0713,0.1073,0.1073
31-10-01,0.0498,0.063,0.0711,0.107,0.107
01-11-01,0.0487,0.0622,0.0703,0.1061,0.1061
02-11-01,0.0479,0.0617,0.0698,0.1057,0.1057
03-11-01,0.0479,0.0617,0.0698,0.1057,0.1057
04-11-01,0.0479,0.0617,0.0698,0.1057,0.1057
05-11-01,0.0486,0.062,0.0701,0.106,0.106
06-11-01,0.0483,0.0616,0.0697,0.1056,0.1056
07-11-01,0.0487,0.0616,0.0697,0.1056,0.1056
08-11-01,0.0487,0.0616,0.0697,0.1056,0.1056
09-11-01,0.049,0.0618,0.0699,0.1058,0.1058
10-11-01,0.049,0.0613,0.0699,0.1058,0.1058
11-11-01,0.049,0.0613,0.0699,0.1058,0.1058
12-11-01,0.0494,0.0616,0.0702,0.1061,0.1061
13-11-01,0.0495,0.0617,0.0703,0.1062,0.1062
14-11-01,0.0525,0.0636,0.0722,0.1081,0.1081
15-11-01,0.0553,0.0654,0.074,0.1099,0.1099
16-11-01,0.0559,0.0661,0.0745,0.1104,0.1104
17-11-01,0.0559,0.0658,0.0744,0.1104,0.1104
18-11-01,0.0559,0.0658,0.0744,0.1104,0.1104
19-11-01,0.0563,0.0661,0.0747,0.1107,0.1107
20-11-01,0.0555,0.0653,0.0739,0.1099,0.1099
21-11-01,0.0568,0.0664,0.075,0.111,0.111
22-11-01,0.0589,0.0681,0.0767,0.1127,0.1127
23-11-01,0.0582,0.0678,0.0764,0.1124,0.1124
24-11-01,0.0582,0.0678,0.0765,0.1124,0.1124
25-11-01,0.0582,0.0678,0.0765,0.1124,0.1124
26-11-01,0.0589,0.0685,0.0772,0.1131,0.1131
27-11-01,0.0592,0.0687,0.0774,0.1133,0.1133
28-11-01,0.057,0.0669,0.0756,0.1114,0.1114
29-11-01,0.0578,0.0676,0.0763,0.1121,0.1121
30-11-01,0.0568,0.0664,0.0751,0.111,0.111
01-12-01,0.0568,0.0661,0.0751,0.111,0.111
02-12-01,0.0568,0.0661,0.0751,0.111,0.111
03-12-01,0.0561,0.0653,0.0743,0.1101,0.1101
04-12-01,0.0572,0.0663,0.0753,0.1111,0.1111
05-12-01,0.0584,0.0673,0.0763,0.1122,0.1122
06-12-01,0.0614,0.0697,0.0787,0.1146,0.1146
07-12-01,0.0618,0.07,0.079,0.1148,0.1148
08-12-01,0.0618,0.0699,0.079,0.1148,0.1148
09-12-01,0.0618,0.0699,0.079,0.1148,0.1148
10-12-01,0.062,0.0703,0.0794,0.1152,0.1152
11-12-01,0.0613,0.0696,0.0787,0.1145,0.1145
12-12-01,0.0615,0.0692,0.0783,0.1144,0.1144
13-12-01,0.0608,0.0683,0.0774,0.1135,0.1135
14-12-01,0.0594,0.067,0.0761,0.1122,0.1122
15-12-01,0.0594,0.0672,0.0763,0.1122,0.1122
16-12-01,0.0594,0.0672,0.0763,0.1122,0.1122
17-12-01,0.0589,0.0667,0.0758,0.1119,0.1119
18-12-01,0.0579,0.0656,0.0747,0.1108,0.1108
19-12-01,0.0583,0.0659,0.075,0.1112,0.1112
20-12-01,0.0588,0.0664,0.0755,0.1117,0.1117
21-12-01,0.0587,0.0664,0.0755,0.1117,0.1117
22-12-01,0.0587,0.0664,0.0755,0.1117,0.1117
23-12-01,0.0587,0.0664,0.0755,0.1117,0.1117
24-12-01,0.0587,0.0664,0.0755,0.1117,0.1117
25-12-01,0.0587,0.0664,0.0755,0.1117,0.1117
26-12-01,0.0581,0.0659,0.075,0.1112,0.1112
27-12-01,0.0584,0.0662,0.0753,0.1115,0.1115
28-12-01,0.0591,0.0667,0.0758,0.112,0.112
29-12-01,0.0591,0.0667,0.0758,0.112,0.112
30-12-01,0.0591,0.0667,0.0758,0.112,0.112
31-12-01,0.0591,0.0667,0.0758,0.112,0.112
01-1-02,0.0591,0.0667,0.0758,0.112,0.112
02-1-02,0.0615,0.0685,0.0776,0.1139,0.1139
03-1-02,0.0617,0.0686,0.0777,0.114,0.114
04-1-02,0.0617,0.0682,0.0773,0.1135,0.1135
05-1-02,0.0617,0.0682,0.0773,0.1135,0.1135
06-1-02,0.0617,0.0682,0.0773,0.1135,0.1135
07-1-02,0.0615,0.0678,0.0769,0.113,0.113
08-1-02,0.0621,0.068,0.0771,0.1133,0.1133
09-1-02,0.0615,0.0681,0.0772,0.1134,0.1134
10-1-02,0.0614,0.0679,0.077,0.1132,0.1132
11-1-02,0.06,0.0666,0.0757,0.1119,0.1119
12-1-02,0.06,0.0668,0.0758,0.1119,0.1119
13-1-02,0.06,0.0668,0.0758,0.1119,0.1119
14-1-02,0.0606,0.0673,0.0763,0.1123,0.1123
15-1-02,0.0602,0.0668,0.0758,0.1118,0.1118
16-1-02,0.0598,0.0664,0.0754,0.1115,0.1115
17-1-02,0.0596,0.0661,0.0751,0.1112,0.1112
18-1-02,0.0596,0.0661,0.0751,0.1112,0.1112
19-1-02,0.0596,0.0661,0.0751,0.1112,0.1112
20-1-02,0.0596,0.0661,0.0751,0.1112,0.1112
21-1-02,0.0596,0.0661,0.0751,0.1112,0.1112
22-1-02,0.0605,0.0669,0.0759,0.1119,0.1119
23-1-02,0.0608,0.0669,0.0759,0.1119,0.1119
24-1-02,0.0615,0.0674,0.0764,0.1124,0.1124
25-1-02,0.0612,0.0671,0.0761,0.1121,0.1121
26-1-02,0.0612,0.0671,0.0761,0.1121,0.1121
27-1-02,0.0612,0.0671,0.0761,0.1121,0.1121
28-1-02,0.0618,0.0675,0.0765,0.1125,0.1125
29-1-02,0.0615,0.0672,0.0762,0.1122,0.1122
30-1-02,0.0605,0.0664,0.0754,0.1114,0.1114
31-1-02,0.0603,0.0662,0.0752,0.1112,0.1112
01-2-02,0.0595,0.0655,0.0745,0.1104,0.1104
02-2-02,0.0595,0.0656,0.0745,0.1104,0.1104
03-2-02,0.0595,0.0656,0.0745,0.1104,0.1104
04-2-02,0.0595,0.0657,0.0746,0.1105,0.1105
05-2-02,0.0592,0.0657,0.0746,0.1105,0.1105
06-2-02,0.0594,0.0658,0.0747,0.1106,0.1106
07-2-02,0.0585,0.0651,0.074,0.11,0.11
08-2-02,0.059,0.0655,0.0744,0.1105,0.1105
09-2-02,0.059,0.0654,0.0743,0.1105,0.1105
10-2-02,0.059,0.0654,0.0743,0.1105,0.1105
11-2-02,0.059,0.0654,0.0743,0.1105,0.1105
12-2-02,0.059,0.0654,0.0743,0.1105,0.1105
13-2-02,0.059,0.0654,0.0743,0.1105,0.1105
14-2-02,0.06,0.0662,0.0751,0.1113,0.1113
15-2-02,0.0599,0.0661,0.075,0.1111,0.1111
16-2-02,0.0599,0.0661,0.075,0.1111,0.1111
17-2-02,0.0599,0.0661,0.075,0.1111,0.1111
18-2-02,0.0597,0.066,0.0749,0.111,0.111
19-2-02,0.0595,0.0658,0.0747,0.1109,0.1109
20-2-02,0.0596,0.0658,0.0747,0.1109,0.1109
21-2-02,0.0593,0.0655,0.0744,0.1106,0.1106
22-2-02,0.0593,0.0655,0.0744,0.1106,0.1106
23-2-02,0.0593,0.0655,0.0744,0.1106,0.1106
24-2-02,0.0593,0.0655,0.0744,0.1106,0.1106
25-2-02,0.0589,0.0651,0.074,0.1102,0.1102
26-2-02,0.0585,0.0646,0.0735,0.1099,0.1099
27-2-02,0.0585,0.0646,0.0735,0.1099,0.1099
28-2-02,0.0571,0.0633,0.0722,0.1087,0.1087
01-3-02,0.0571,0.0633,0.0722,0.1087,0.1087
02-3-02,0.0571,0.0635,0.0723,0.1087,0.1087
03-3-02,0.0571,0.0635,0.0723,0.1087,0.1087
04-3-02,0.059,0.0652,0.074,0.1102,0.1102
05-3-02,0.0593,0.0654,0.0742,0.1103,0.1103
06-3-02,0.0605,0.0662,0.075,0.111,0.111
07-3-02,0.0605,0.0661,0.0749,0.111,0.111
08-3-02,0.0619,0.0665,0.0753,0.1115,0.1115
09-3-02,0.0619,0.067,0.0752,0.1115,0.1115
10-3-02,0.0619,0.067,0.0752,0.1115,0.1115
11-3-02,0.0622,0.0671,0.0753,0.1113,0.1113
12-3-02,0.0623,0.0672,0.0754,0.1111,0.1111
13-3-02,0.0635,0.068,0.0762,0.1116,0.1116
14-3-02,0.0636,0.068,0.0762,0.1116,0.1116
15-3-02,0.0644,0.0686,0.0768,0.1123,0.1123
16-3-02,0.0644,0.0688,0.0769,0.1123,0.1123
17-3-02,0.0644,0.0688,0.0769,0.1123,0.1123
18-3-02,0.064,0.0684,0.0765,0.1119,0.1119
19-3-02,0.0655,0.0696,0.0777,0.1129,0.1129
20-3-02,0.0648,0.0691,0.0772,0.1122,0.1122
21-3-02,0.0648,0.0691,0.0772,0.1122,0.1122
22-3-02,0.0646,0.0689,0.077,0.112,0.112
23-3-02,0.0646,0.069,0.077,0.112,0.112
24-3-02,0.0646,0.069,0.077,0.112,0.112
25-3-02,0.0644,0.0688,0.0768,0.1118,0.1118
26-3-02,0.0648,0.0692,0.0772,0.1121,0.1121
27-3-02,0.0646,0.069,0.077,0.1119,0.1119
28-3-02,0.0637,0.0683,0.0763,0.1111,0.1111
29-3-02,0.0639,0.0682,0.0762,0.111,0.111
30-3-02,0.0639,0.0681,0.0761,0.111,0.111
31-3-02,0.0639,0.0681,0.0761,0.111,0.111
01-4-02,0.0646,0.0688,0.0768,0.1116,0.1116
02-4-02,0.0653,0.0694,0.0774,0.1121,0.1121
03-4-02,0.0649,0.0696,0.0776,0.1123,0.1123
04-4-02,0.0652,0.0698,0.0778,0.1125,0.1125
05-4-02,0.0652,0.0698,0.0778,0.1125,0.1125
06-4-02,0.0652,0.0698,0.0778,0.1125,0.1125
07-4-02,0.0652,0.0698,0.0778,0.1125,0.1125
08-4-02,0.0652,0.0698,0.0778,0.1125,0.1125
09-4-02,0.0658,0.0704,0.0784,0.113,0.113
10-4-02,0.0652,0.0698,0.0778,0.1124,0.1124
11-4-02,0.0653,0.0699,0.0779,0.1125,0.1125
12-4-02,0.0648,0.0694,0.0774,0.112,0.112
13-4-02,0.0648,0.0694,0.0774,0.112,0.112
14-4-02,0.0648,0.0694,0.0774,0.112,0.112
15-4-02,0.0646,0.0693,0.0773,0.1119,0.1119
16-4-02,0.0651,0.0698,0.0778,0.1123,0.1123
17-4-02,0.0651,0.0698,0.0778,0.1123,0.1123
18-4-02,0.0649,0.0696,0.0776,0.1121,0.1121
19-4-02,0.0647,0.0694,0.0774,0.1119,0.1119
20-4-02,0.0647,0.0694,0.0774,0.1119,0.1119
21-4-02,0.0647,0.0694,0.0774,0.1119,0.1119
22-4-02,0.0649,0.0696,0.0776,0.112,0.112
23-4-02,0.0647,0.0694,0.0774,0.1118,0.1118
24-4-02,0.0644,0.0692,0.0772,0.1116,0.1116
25-4-02,0.064,0.0691,0.0771,0.1115,0.1115
26-4-02,0.0637,0.0688,0.0768,0.1112,0.1112
27-4-02,0.0637,0.0688,0.0768,0.1112,0.1112
28-4-02,0.0637,0.0688,0.0768,0.1112,0.1112
29-4-02,0.0633,0.0685,0.0765,0.1108,0.1108
30-4-02,0.0633,0.0685,0.0765,0.1108,0.1108
01-5-02,0.0633,0.0685,0.0765,0.1108,0.1108
02-5-02,0.0631,0.0683,0.0763,0.1106,0.1106
03-5-02,0.0628,0.068,0.076,0.1103,0.1103
04-5-02,0.0628,0.0681,0.076,0.1103,0.1103
05-5-02,0.0628,0.0681,0.076,0.1103,0.1103
06-5-02,0.0629,0.0682,0.0761,0.1104,0.1104
07-5-02,0.0634,0.0687,0.0766,0.1109,0.1109
08-5-02,0.0638,0.0691,0.077,0.1113,0.1113
09-5-02,0.064,0.0693,0.0772,0.1115,0.1115
10-5-02,0.0629,0.0682,0.0761,0.1104,0.1104
11-5-02,0.0629,0.0683,0.0762,0.1104,0.1104
12-5-02,0.0629,0.0683,0.0762,0.1104,0.1104
13-5-02,0.0625,0.0679,0.0758,0.11,0.11
14-5-02,0.0624,0.0678,0.0757,0.1099,0.1099
15-5-02,0.0632,0.0686,0.0765,0.1107,0.1107
16-5-02,0.0631,0.0685,0.0764,0.1106,0.1106
17-5-02,0.0632,0.0686,0.0765,0.1106,0.1106
18-5-02,0.0632,0.0685,0.0764,0.1106,0.1106
19-5-02,0.0632,0.0685,0.0764,0.1106,0.1106
20-5-02,0.0632,0.0685,0.0764,0.1106,0.1106
21-5-02,0.0628,0.0681,0.076,0.1102,0.1102
22-5-02,0.0633,0.0685,0.0764,0.1106,0.1106
23-5-02,0.0631,0.0683,0.0762,0.1103,0.1103
24-5-02,0.0631,0.0683,0.0762,0.1103,0.1103
25-5-02,0.0631,0.0683,0.0762,0.1103,0.1103
26-5-02,0.0631,0.0683,0.0762,0.1103,0.1103
27-5-02,0.0631,0.0683,0.0762,0.1103,0.1103
28-5-02,0.0632,0.0683,0.0762,0.1103,0.1103
29-5-02,0.0628,0.0678,0.0757,0.1099,0.1099
30-5-02,0.0615,0.0666,0.0745,0.1086,0.1086
31-5-02,0.0614,0.0665,0.0744,0.1085,0.1085
01-6-02,0.0614,0.0665,0.0744,0.1085,0.1085
02-6-02,0.0614,0.0665,0.0744,0.1085,0.1085
03-6-02,0.0614,0.0665,0.0744,0.1085,0.1085
04-6-02,0.0608,0.066,0.0739,0.108,0.108
05-6-02,0.061,0.0661,0.074,0.1081,0.1081
06-6-02,0.061,0.0661,0.074,0.1081,0.1081
07-6-02,0.0605,0.0658,0.0737,0.1077,0.1077
08-6-02,0.0605,0.0658,0.0737,0.1077,0.1077
09-6-02,0.0605,0.0658,0.0737,0.1077,0.1077
10-6-02,0.0606,0.0659,0.0738,0.1078,0.1078
11-6-02,0.0608,0.0662,0.0741,0.1081,0.1081
12-6-02,0.0609,0.0663,0.0742,0.1082,0.1082
13-6-02,0.0609,0.0663,0.0742,0.1082,0.1082
14-6-02,0.0608,0.0663,0.0742,0.1082,0.1082
15-6-02,0.0608,0.0663,0.0742,0.1082,0.1082
16-6-02,0.0608,0.0663,0.0742,0.1082,0.1082
17-6-02,0.0598,0.0655,0.0734,0.1074,0.1074
18-6-02,0.0595,0.0652,0.0731,0.1071,0.1071
19-6-02,0.0589,0.0647,0.0726,0.1066,0.1066
20-6-02,0.0589,0.0647,0.0726,0.1066,0.1066
21-6-02,0.0586,0.0645,0.0724,0.1064,0.1064
22-6-02,0.0586,0.0645,0.0724,0.1064,0.1064
23-6-02,0.0586,0.0645,0.0724,0.1064,0.1064
24-6-02,0.0583,0.0642,0.0721,0.1061,0.1061
25-6-02,0.0575,0.0636,0.0715,0.1055,0.1055
26-6-02,0.0552,0.062,0.0699,0.1038,0.1038
27-6-02,0.0561,0.0629,0.0708,0.1047,0.1047
28-6-02,0.0566,0.0634,0.0713,0.1051,0.1051
29-6-02,0.0566,0.0634,0.0713,0.1051,0.1051
30-6-02,0.0566,0.0634,0.0713,0.1051,0.1051
01-7-02,0.0566,0.0634,0.0713,0.1051,0.1051
02-7-02,0.0562,0.0631,0.071,0.1048,0.1048
03-7-02,0.0566,0.0633,0.0712,0.105,0.105
04-7-02,0.0576,0.0643,0.0722,0.106,0.106
05-7-02,0.0591,0.0651,0.073,0.1071,0.1071
06-7-02,0.0591,0.0653,0.0731,0.1071,0.1071
07-7-02,0.0591,0.0653,0.0731,0.1071,0.1071
08-7-02,0.0586,0.0648,0.0726,0.1066,0.1066
09-7-02,0.0593,0.0654,0.0732,0.1072,0.1072
10-7-02,0.0591,0.0652,0.073,0.107,0.107
11-7-02,0.058,0.0643,0.0721,0.1061,0.1061
12-7-02,0.0588,0.0652,0.073,0.1069,0.1069
13-7-02,0.0588,0.0651,0.0729,0.1069,0.1069
14-7-02,0.0588,0.0651,0.0729,0.1069,0.1069
15-7-02,0.0584,0.0647,0.0725,0.1065,0.1065
16-7-02,0.0583,0.0646,0.0724,0.1065,0.1065
17-7-02,0.0583,0.0646,0.0724,0.1065,0.1065
